Username,FullName
johdoe,John Doe
jansmi,Jane Smith
micjoh,Michael Johnson
emidav,Emily Davis
davbro,David Brown
emawil,Emma Wilson
jamtay,James Taylor
oliand,Olivia Anderson
dantho,Daniel Thomas
isamar,Isabella Martinez
matwhi,Matthew White
sophar,Sophia Harris
chrcla,Christopher Clark
amilew,Amelia Lewis
joswal,Joshua Walker
miahall,Mia Hall
andall,Andrew Allen
chayou,Charlotte Young
joskin,Joseph King
grawri,Grace Wright
samgre,Samuel Green
annbro,Anna Brown
robwil,Robert Wilson
katdav,Katherine Davis
benand,Benjamin Anderson
listho,Lisa Thompson
kevmar,Kevin Martinez
sarwhi,Sarah White
patcla,Patrick Clark
reblew,Rebecca Lewis
stejoh,Steven Johnson
megwal,Megan Walker
bradan,Brandon Allen
lauyou,Laura Young
chrkin,Christine King
marwri,Mark Wright
julgre,Julia Green
nicbro,Nicholas Brown
suewil,Susan Wilson