Username,FullName
tomrob,Thomas Robinson
lizmor,Elizabeth Morris
petjac,Peter Jackson
helenr,Helen Reed
richar,Richard Allen
dorpat,Doris Patterson
edwcar,Edward Carter
violon,Violet Long
geosmi,George Smith
audwil,Audrey Williams
raljon,Ralph Jones
fragar,Frances Garcia
sidtay,Sidney Taylor
bremil,Brenda Miller
vicdav,Victor Davis
jessmoo,Jessica Moore
howbro,Howard Brown
annmor,Ann Morgan
lenwil,Leonard Wilson
paucla,Paul Clark
margre,Margaret Green
walhar,Walter Harris
carlew,Carol Lewis
tonyon,Tony Young
judkin,Judith King
ralwri,Ralph Wright
iregre,Irene Green
ernbro,Ernest Brown
clafor,Clara Ford
gilwil,Gilbert Wilson
